Fund,Weight
119599,0.263009702329879
119598,0.20487848293858524
100033,0.03875756314780844
120505,0.300360144329364
149324,0.1929941072543634
